precision,recall,macro_f1
0.796999821381277,0.6191953733751858,0.6834644092924603
0.7386322059755136,0.7679256474701314,0.7303989506116738
