,precision,recall,macro_f1
Default LR,0.7863636363636364,0.6245487364620939,0.8221524267556559
Grid LR,0.6644295302013423,0.7148014440433214,0.8127558740926043
Default LR with POS,0.7376237623762376,0.5379061371841155,0.7801668007848945
Grid Search LR with POS,0.6360655737704918,0.7003610108303249,0.7990092002830856
