,precision,recall,macro_f1
Default NB,0.30603448275862066,0.5126353790613718,0.6059561380738339
Grid NB,0.6357388316151202,0.6678700361010831,0.7908450704225352
Default NB with POS,0.3217821782178218,0.4693140794223827,0.6137046891179573
Grid Search NB with POS,0.6909090909090909,0.41155234657039713,0.7218430294468532
