precision,recall,macro_f1
0.34689103957926876,0.40313757801862743,0.36027554103422477
0.3398137827306251,0.4207036405355307,0.35642039583883217
