,precision,recall,macro_f1
Default SVM,0.7413544843459091,0.5112297815040145,0.5787714291733428
Grid Search SVM,0.6660085356274109,0.7111299870156501,0.6738716930285327
Default SVM - no SL,0.8647603192985358,0.4502749794885522,0.5166988834416748
Grid Search SVM - no SL,0.7097088038543734,0.6662490215338263,0.6500897699854142
