,precision,recall,macro_f1
Default SVM,0.7760416666666666,0.5379061371841155,0.7886057004144688
Grid Search SVM,0.7489711934156379,0.6570397111913358,0.8229916897506926
Default SVM with POS,0.8041958041958042,0.4151624548736462,0.7420156817747179
Grid Search SVM with POS,0.69921875,0.6462093862815884,0.805400114201811
