,precision,recall,macro_f1
Grid SVM,0.6124260355029586,0.7472924187725631,0.8006025516753557
Grid LR,0.6596491228070176,0.6787003610108303,0.8018421309298434
Grid NB,0.3142292490118577,0.5740072202166066,0.6144937055281883
