,precision,recall,macro_f1
Grid SVM,0.7085201793721974,0.5703971119133574,0.7843631361760661
Grid LR,0.5178997613365155,0.7833935018050542,0.7634777743871428
Grid NB,0.6395348837209303,0.5956678700361011,0.7727342222627036
